datetime,trips_total,hour,weekday,month,is_weekend,trips_lag_1,trips_rolling_24h_mean
2025-04-01 00:00:00,130,0,1,4,0,,130.0
2025-04-01 01:00:00,68,1,1,4,0,130.0,99.0
2025-04-01 02:00:00,26,2,1,4,0,68.0,74.66666666666667
2025-04-01 03:00:00,23,3,1,4,0,26.0,61.75
2025-04-01 04:00:00,44,4,1,4,0,23.0,58.2
2025-04-01 05:00:00,156,5,1,4,0,44.0,74.5
2025-04-01 06:00:00,719,6,1,4,0,156.0,166.57142857142858
2025-04-01 07:00:00,1923,7,1,4,0,719.0,386.125
2025-04-01 08:00:00,3758,8,1,4,0,1923.0,760.7777777777778
2025-04-01 09:00:00,2064,9,1,4,0,3758.0,891.1
2025-04-01 10:00:00,1067,10,1,4,0,2064.0,907.0909090909091
2025-04-01 11:00:00,948,11,1,4,0,1067.0,910.5
2025-04-01 12:00:00,1127,12,1,4,0,948.0,927.1538461538462
2025-04-01 13:00:00,1122,13,1,4,0,1127.0,941.0714285714286
2025-04-01 14:00:00,1065,14,1,4,0,1122.0,949.3333333333334
2025-04-01 15:00:00,1245,15,1,4,0,1065.0,967.8125
2025-04-01 16:00:00,1771,16,1,4,0,1245.0,1015.0588235294117
2025-04-01 17:00:00,3337,17,1,4,0,1771.0,1144.0555555555557
2025-04-01 18:00:00,3140,18,1,4,0,3337.0,1249.1052631578948
2025-04-01 19:00:00,1799,19,1,4,0,3140.0,1276.6
2025-04-01 20:00:00,1100,20,1,4,0,1799.0,1268.1904761904761
2025-04-01 21:00:00,710,21,1,4,0,1100.0,1242.8181818181818
2025-04-01 22:00:00,567,22,1,4,0,710.0,1213.4347826086957
2025-04-01 23:00:00,258,23,1,4,0,567.0,1173.625
2025-04-02 00:00:00,101,0,2,4,0,258.0,1172.4166666666667
2025-04-02 01:00:00,51,1,2,4,0,101.0,1171.7083333333333
2025-04-02 02:00:00,27,2,2,4,0,51.0,1171.75
2025-04-02 03:00:00,26,3,2,4,0,27.0,1171.875
2025-04-02 04:00:00,52,4,2,4,0,26.0,1172.2083333333333
2025-04-02 05:00:00,148,5,2,4,0,52.0,1171.875
2025-04-02 06:00:00,684,6,2,4,0,148.0,1170.4166666666667
2025-04-02 07:00:00,1867,7,2,4,0,684.0,1168.0833333333333
2025-04-02 08:00:00,3770,8,2,4,0,1867.0,1168.5833333333333
2025-04-02 09:00:00,1988,9,2,4,0,3770.0,1165.4166666666667
2025-04-02 10:00:00,1105,10,2,4,0,1988.0,1167.0
2025-04-02 11:00:00,977,11,2,4,0,1105.0,1168.2083333333333
2025-04-02 12:00:00,1244,12,2,4,0,977.0,1173.0833333333333
2025-04-02 13:00:00,1238,13,2,4,0,1244.0,1177.9166666666667
2025-04-02 14:00:00,1139,14,2,4,0,1238.0,1181.0
2025-04-02 15:00:00,1296,15,2,4,0,1139.0,1183.125
2025-04-02 16:00:00,1797,16,2,4,0,1296.0,1184.2083333333333
2025-04-02 17:00:00,3259,17,2,4,0,1797.0,1180.9583333333333
2025-04-02 18:00:00,3161,18,2,4,0,3259.0,1181.8333333333333
2025-04-02 19:00:00,1960,19,2,4,0,3161.0,1188.5416666666667
2025-04-02 20:00:00,1279,20,2,4,0,1960.0,1196.0
2025-04-02 21:00:00,779,21,2,4,0,1279.0,1198.875
2025-04-02 22:00:00,668,22,2,4,0,779.0,1203.0833333333333
2025-04-02 23:00:00,327,23,2,4,0,668.0,1205.9583333333333
2025-04-03 00:00:00,152,0,3,4,0,327.0,1208.0833333333333
2025-04-03 01:00:00,65,1,3,4,0,152.0,1208.6666666666667
2025-04-03 02:00:00,33,2,3,4,0,65.0,1208.9166666666667
2025-04-03 03:00:00,31,3,3,4,0,33.0,1209.125
2025-04-03 04:00:00,52,4,3,4,0,31.0,1209.125
2025-04-03 05:00:00,145,5,3,4,0,52.0,1209.0
2025-04-03 06:00:00,644,6,3,4,0,145.0,1207.3333333333333
2025-04-03 07:00:00,1875,7,3,4,0,644.0,1207.6666666666667
2025-04-03 08:00:00,3705,8,3,4,0,1875.0,1204.9583333333333
2025-04-03 09:00:00,2082,9,3,4,0,3705.0,1208.875
2025-04-03 10:00:00,1129,10,3,4,0,2082.0,1209.875
2025-04-03 11:00:00,1121,11,3,4,0,1129.0,1215.875
2025-04-03 12:00:00,1270,12,3,4,0,1121.0,1216.9583333333333
2025-04-03 13:00:00,1248,13,3,4,0,1270.0,1217.375
2025-04-03 14:00:00,1129,14,3,4,0,1248.0,1216.9583333333333
2025-04-03 15:00:00,1317,15,3,4,0,1129.0,1217.8333333333333
2025-04-03 16:00:00,1858,16,3,4,0,1317.0,1220.375
2025-04-03 17:00:00,3315,17,3,4,0,1858.0,1222.7083333333333
2025-04-03 18:00:00,3181,18,3,4,0,3315.0,1223.5416666666667
2025-04-03 19:00:00,1932,19,3,4,0,3181.0,1222.375
2025-04-03 20:00:00,1309,20,3,4,0,1932.0,1223.625
2025-04-03 21:00:00,877,21,3,4,0,1309.0,1227.7083333333333
2025-04-03 22:00:00,741,22,3,4,0,877.0,1230.75
2025-04-03 23:00:00,371,23,3,4,0,741.0,1232.5833333333333
2025-04-04 00:00:00,189,0,4,4,0,371.0,1234.125
2025-04-04 01:00:00,88,1,4,4,0,189.0,1235.0833333333333
2025-04-04 02:00:00,51,2,4,4,0,88.0,1235.8333333333333
2025-04-04 03:00:00,33,3,4,4,0,51.0,1235.9166666666667
2025-04-04 04:00:00,62,4,4,4,0,33.0,1236.3333333333333
2025-04-04 05:00:00,141,5,4,4,0,62.0,1236.1666666666667
2025-04-04 06:00:00,559,6,4,4,0,141.0,1232.625
2025-04-04 07:00:00,1302,7,4,4,0,559.0,1208.75
2025-04-04 08:00:00,2436,8,4,4,0,1302.0,1155.875
2025-04-04 09:00:00,1604,9,4,4,0,2436.0,1135.9583333333333
2025-04-04 10:00:00,1112,10,4,4,0,1604.0,1135.25
2025-04-04 11:00:00,1176,11,4,4,0,1112.0,1137.5416666666667
2025-04-04 12:00:00,1426,12,4,4,0,1176.0,1144.0416666666667
2025-04-04 13:00:00,1493,13,4,4,0,1426.0,1154.25
2025-04-04 14:00:00,1456,14,4,4,0,1493.0,1167.875
2025-04-04 15:00:00,1547,15,4,4,0,1456.0,1177.4583333333333
2025-04-04 16:00:00,2061,16,4,4,0,1547.0,1185.9166666666667
2025-04-04 17:00:00,2853,17,4,4,0,2061.0,1166.6666666666667
2025-04-04 18:00:00,2763,18,4,4,0,2853.0,1149.25
2025-04-04 19:00:00,1859,19,4,4,0,2763.0,1146.2083333333333
2025-04-04 20:00:00,1159,20,4,4,0,1859.0,1139.9583333333333
2025-04-04 21:00:00,779,21,4,4,0,1159.0,1135.875
2025-04-04 22:00:00,725,22,4,4,0,779.0,1135.2083333333333
2025-04-04 23:00:00,507,23,4,4,0,725.0,1140.875
2025-04-05 00:00:00,313,0,5,4,1,507.0,1146.0416666666667
2025-04-05 01:00:00,228,1,5,4,1,313.0,1151.875
2025-04-05 02:00:00,120,2,5,4,1,228.0,1154.75
2025-04-05 03:00:00,81,3,5,4,1,120.0,1156.75
2025-04-05 04:00:00,56,4,5,4,1,81.0,1156.5
2025-04-05 05:00:00,77,5,5,4,1,56.0,1153.8333333333333
2025-04-05 06:00:00,137,6,5,4,1,77.0,1136.25
2025-04-05 07:00:00,360,7,5,4,1,137.0,1097.0
2025-04-05 08:00:00,744,8,5,4,1,360.0,1026.5
2025-04-05 09:00:00,1088,9,5,4,1,744.0,1005.0
2025-04-05 10:00:00,1462,10,5,4,1,1088.0,1019.5833333333334
2025-04-05 11:00:00,1706,11,5,4,1,1462.0,1041.6666666666667
2025-04-05 12:00:00,2064,12,5,4,1,1706.0,1068.25
2025-04-05 13:00:00,2190,13,5,4,1,2064.0,1097.2916666666667
2025-04-05 14:00:00,2160,14,5,4,1,2190.0,1126.625
2025-04-05 15:00:00,2210,15,5,4,1,2160.0,1154.25
2025-04-05 16:00:00,2217,16,5,4,1,2210.0,1160.75
2025-04-05 17:00:00,2313,17,5,4,1,2217.0,1138.25
2025-04-05 18:00:00,2092,18,5,4,1,2313.0,1110.2916666666667
2025-04-05 19:00:00,1508,19,5,4,1,2092.0,1095.6666666666667
2025-04-05 20:00:00,828,20,5,4,1,1508.0,1081.875
2025-04-05 21:00:00,613,21,5,4,1,828.0,1074.9583333333333
2025-04-05 22:00:00,521,22,5,4,1,613.0,1066.4583333333333
2025-04-05 23:00:00,351,23,5,4,1,521.0,1059.9583333333333
2025-04-06 00:00:00,239,0,6,4,1,351.0,1056.875
2025-04-06 01:00:00,160,1,6,4,1,239.0,1054.0416666666667
2025-04-06 02:00:00,104,2,6,4,1,160.0,1053.375
2025-04-06 03:00:00,74,3,6,4,1,104.0,1053.0833333333333
2025-04-06 04:00:00,57,4,6,4,1,74.0,1053.125
2025-04-06 05:00:00,77,5,6,4,1,57.0,1053.125
2025-04-06 06:00:00,118,6,6,4,1,77.0,1052.3333333333333
2025-04-06 07:00:00,273,7,6,4,1,118.0,1048.7083333333333
2025-04-06 08:00:00,536,8,6,4,1,273.0,1040.0416666666667
2025-04-06 09:00:00,920,9,6,4,1,536.0,1033.0416666666667
2025-04-06 10:00:00,1442,10,6,4,1,920.0,1032.2083333333333
2025-04-06 11:00:00,1566,11,6,4,1,1442.0,1026.375
2025-04-06 12:00:00,1856,12,6,4,1,1566.0,1017.7083333333334
2025-04-06 13:00:00,2002,13,6,4,1,1856.0,1009.875
2025-04-06 14:00:00,1845,14,6,4,1,2002.0,996.75
2025-04-06 15:00:00,1954,15,6,4,1,1845.0,986.0833333333334
2025-04-06 16:00:00,2012,16,6,4,1,1954.0,977.5416666666666
2025-04-06 17:00:00,1849,17,6,4,1,2012.0,958.2083333333334
2025-04-06 18:00:00,1515,18,6,4,1,1849.0,934.1666666666666
2025-04-06 19:00:00,975,19,6,4,1,1515.0,911.9583333333334
2025-04-06 20:00:00,648,20,6,4,1,975.0,904.4583333333334
2025-04-06 21:00:00,421,21,6,4,1,648.0,896.4583333333334
2025-04-06 22:00:00,311,22,6,4,1,421.0,887.7083333333334
2025-04-06 23:00:00,204,23,6,4,1,311.0,881.5833333333334
2025-04-07 00:00:00,88,0,0,4,0,204.0,875.2916666666666
2025-04-07 01:00:00,53,1,0,4,0,88.0,870.8333333333334
2025-04-07 02:00:00,25,2,0,4,0,53.0,867.5416666666666
2025-04-07 03:00:00,21,3,0,4,0,25.0,865.3333333333334
2025-04-07 04:00:00,42,4,0,4,0,21.0,864.7083333333334
2025-04-07 05:00:00,147,5,0,4,0,42.0,867.625
2025-04-07 06:00:00,597,6,0,4,0,147.0,887.5833333333334
2025-04-07 07:00:00,1523,7,0,4,0,597.0,939.6666666666666
2025-04-07 08:00:00,2989,8,0,4,0,1523.0,1041.875
2025-04-07 09:00:00,1675,9,0,4,0,2989.0,1073.3333333333333
2025-04-07 10:00:00,935,10,0,4,0,1675.0,1052.2083333333333
2025-04-07 11:00:00,971,11,0,4,0,935.0,1027.4166666666667
2025-04-07 12:00:00,1166,12,0,4,0,971.0,998.6666666666666
2025-04-07 13:00:00,1129,13,0,4,0,1166.0,962.2916666666666
2025-04-07 14:00:00,1114,14,0,4,0,1129.0,931.8333333333334
2025-04-07 15:00:00,1228,15,0,4,0,1114.0,901.5833333333334
2025-04-07 16:00:00,1634,16,0,4,0,1228.0,885.8333333333334
2025-04-07 17:00:00,3176,17,0,4,0,1634.0,941.125
2025-04-07 18:00:00,2870,18,0,4,0,3176.0,997.5833333333334
2025-04-07 19:00:00,1893,19,0,4,0,2870.0,1035.8333333333333
2025-04-07 20:00:00,1077,20,0,4,0,1893.0,1053.7083333333333
2025-04-07 21:00:00,688,21,0,4,0,1077.0,1064.8333333333333
2025-04-07 22:00:00,472,22,0,4,0,688.0,1071.5416666666667
2025-04-07 23:00:00,236,23,0,4,0,472.0,1072.875
2025-04-08 00:00:00,104,0,1,4,0,236.0,1073.5416666666667
2025-04-08 01:00:00,51,1,1,4,0,104.0,1073.4583333333333
2025-04-08 02:00:00,20,2,1,4,0,51.0,1073.25
2025-04-08 03:00:00,24,3,1,4,0,20.0,1073.375
2025-04-08 04:00:00,49,4,1,4,0,24.0,1073.6666666666667
2025-04-08 05:00:00,160,5,1,4,0,49.0,1074.2083333333333
2025-04-08 06:00:00,708,6,1,4,0,160.0,1078.8333333333333
2025-04-08 07:00:00,1886,7,1,4,0,708.0,1093.9583333333333
2025-04-08 08:00:00,3640,8,1,4,0,1886.0,1121.0833333333333
2025-04-08 09:00:00,1849,9,1,4,0,3640.0,1128.3333333333333
2025-04-08 10:00:00,1103,10,1,4,0,1849.0,1135.3333333333333
2025-04-08 11:00:00,975,11,1,4,0,1103.0,1135.5
2025-04-08 12:00:00,1157,12,1,4,0,975.0,1135.125
2025-04-08 13:00:00,1146,13,1,4,0,1157.0,1135.8333333333333
2025-04-08 14:00:00,1154,14,1,4,0,1146.0,1137.5
2025-04-08 15:00:00,1168,15,1,4,0,1154.0,1135.0
2025-04-08 16:00:00,1701,16,1,4,0,1168.0,1137.7916666666667
2025-04-08 17:00:00,3382,17,1,4,0,1701.0,1146.375
2025-04-08 18:00:00,3193,18,1,4,0,3382.0,1159.8333333333333
2025-04-08 19:00:00,2100,19,1,4,0,3193.0,1168.4583333333333
2025-04-08 20:00:00,1133,20,1,4,0,2100.0,1170.7916666666667
2025-04-08 21:00:00,783,21,1,4,0,1133.0,1174.75
2025-04-08 22:00:00,609,22,1,4,0,783.0,1180.4583333333333
2025-04-08 23:00:00,272,23,1,4,0,609.0,1181.9583333333333
2025-04-09 00:00:00,114,0,2,4,0,272.0,1182.375
2025-04-09 01:00:00,50,1,2,4,0,114.0,1182.3333333333333
2025-04-09 02:00:00,30,2,2,4,0,50.0,1182.75
2025-04-09 03:00:00,26,3,2,4,0,30.0,1182.8333333333333
2025-04-09 04:00:00,43,4,2,4,0,26.0,1182.5833333333333
2025-04-09 05:00:00,162,5,2,4,0,43.0,1182.6666666666667
2025-04-09 06:00:00,683,6,2,4,0,162.0,1181.625
2025-04-09 07:00:00,1827,7,2,4,0,683.0,1179.1666666666667
2025-04-09 08:00:00,3488,8,2,4,0,1827.0,1172.8333333333333
2025-04-09 09:00:00,1786,9,2,4,0,3488.0,1170.2083333333333
2025-04-09 10:00:00,992,10,2,4,0,1786.0,1165.5833333333333
2025-04-09 11:00:00,876,11,2,4,0,992.0,1161.4583333333333
2025-04-09 12:00:00,1035,12,2,4,0,876.0,1156.375
2025-04-09 13:00:00,975,13,2,4,0,1035.0,1149.25
2025-04-09 14:00:00,1025,14,2,4,0,975.0,1143.875
2025-04-09 15:00:00,1183,15,2,4,0,1025.0,1144.5
2025-04-09 16:00:00,1654,16,2,4,0,1183.0,1142.5416666666667
2025-04-09 17:00:00,3174,17,2,4,0,1654.0,1133.875
2025-04-09 18:00:00,3069,18,2,4,0,3174.0,1128.7083333333333
2025-04-09 19:00:00,2019,19,2,4,0,3069.0,1125.3333333333333
2025-04-09 20:00:00,1188,20,2,4,0,2019.0,1127.625
2025-04-09 21:00:00,783,21,2,4,0,1188.0,1127.625
2025-04-09 22:00:00,636,22,2,4,0,783.0,1128.75
2025-04-09 23:00:00,305,23,2,4,0,636.0,1130.125
2025-04-10 00:00:00,112,0,3,4,0,305.0,1130.0416666666667
2025-04-10 01:00:00,76,1,3,4,0,112.0,1131.125
2025-04-10 02:00:00,31,2,3,4,0,76.0,1131.1666666666667
2025-04-10 03:00:00,20,3,3,4,0,31.0,1130.9166666666667
2025-04-10 04:00:00,49,4,3,4,0,20.0,1131.1666666666667
2025-04-10 05:00:00,149,5,3,4,0,49.0,1130.625
2025-04-10 06:00:00,655,6,3,4,0,149.0,1129.4583333333333
2025-04-10 07:00:00,1667,7,3,4,0,655.0,1122.7916666666667
2025-04-10 08:00:00,3336,8,3,4,0,1667.0,1116.4583333333333
2025-04-10 09:00:00,1917,9,3,4,0,3336.0,1121.9166666666667
2025-04-10 10:00:00,1025,10,3,4,0,1917.0,1123.2916666666667
2025-04-10 11:00:00,993,11,3,4,0,1025.0,1128.1666666666667
2025-04-10 12:00:00,1174,12,3,4,0,993.0,1133.9583333333333
2025-04-10 13:00:00,1154,13,3,4,0,1174.0,1141.4166666666667
2025-04-10 14:00:00,1173,14,3,4,0,1154.0,1147.5833333333333
2025-04-10 15:00:00,1285,15,3,4,0,1173.0,1151.8333333333333
2025-04-10 16:00:00,1707,16,3,4,0,1285.0,1154.0416666666667
2025-04-10 17:00:00,3232,17,3,4,0,1707.0,1156.4583333333333
2025-04-10 18:00:00,3064,18,3,4,0,3232.0,1156.25
2025-04-10 19:00:00,1953,19,3,4,0,3064.0,1153.5
2025-04-10 20:00:00,1265,20,3,4,0,1953.0,1156.7083333333333
2025-04-10 21:00:00,921,21,3,4,0,1265.0,1162.4583333333333
2025-04-10 22:00:00,707,22,3,4,0,921.0,1165.4166666666667
2025-04-10 23:00:00,423,23,3,4,0,707.0,1170.3333333333333
2025-04-11 00:00:00,182,0,4,4,0,423.0,1173.25
2025-04-11 01:00:00,87,1,4,4,0,182.0,1173.7083333333333
2025-04-11 02:00:00,58,2,4,4,0,87.0,1174.8333333333333
2025-04-11 03:00:00,40,3,4,4,0,58.0,1175.6666666666667
2025-04-11 04:00:00,54,4,4,4,0,40.0,1175.875
2025-04-11 05:00:00,135,5,4,4,0,54.0,1175.2916666666667
2025-04-11 06:00:00,501,6,4,4,0,135.0,1168.875
2025-04-11 07:00:00,1209,7,4,4,0,501.0,1149.7916666666667
2025-04-11 08:00:00,2215,8,4,4,0,1209.0,1103.0833333333333
2025-04-11 09:00:00,1504,9,4,4,0,2215.0,1085.875
2025-04-11 10:00:00,1124,10,4,4,0,1504.0,1090.0
2025-04-11 11:00:00,1087,11,4,4,0,1124.0,1093.9166666666667
2025-04-11 12:00:00,1478,12,4,4,0,1087.0,1106.5833333333333
2025-04-11 13:00:00,1507,13,4,4,0,1478.0,1121.2916666666667
2025-04-11 14:00:00,1522,14,4,4,0,1507.0,1135.8333333333333
2025-04-11 15:00:00,1763,15,4,4,0,1522.0,1155.75
2025-04-11 16:00:00,2106,16,4,4,0,1763.0,1172.375
2025-04-11 17:00:00,2951,17,4,4,0,2106.0,1160.6666666666667
2025-04-11 18:00:00,2815,18,4,4,0,2951.0,1150.2916666666667
2025-04-11 19:00:00,1966,19,4,4,0,2815.0,1150.8333333333333
2025-04-11 20:00:00,1216,20,4,4,0,1966.0,1148.7916666666667
2025-04-11 21:00:00,844,21,4,4,0,1216.0,1145.5833333333333
2025-04-11 22:00:00,706,22,4,4,0,844.0,1145.5416666666667
2025-04-11 23:00:00,570,23,4,4,0,706.0,1151.6666666666667
2025-04-12 00:00:00,392,0,5,4,1,570.0,1160.4166666666667
2025-04-12 01:00:00,219,1,5,4,1,392.0,1165.9166666666667
2025-04-12 02:00:00,134,2,5,4,1,219.0,1169.0833333333333
2025-04-12 03:00:00,82,3,5,4,1,134.0,1170.8333333333333
2025-04-12 04:00:00,80,4,5,4,1,82.0,1171.9166666666667
2025-04-12 05:00:00,82,5,5,4,1,80.0,1169.7083333333333
2025-04-12 06:00:00,153,6,5,4,1,82.0,1155.2083333333333
2025-04-12 07:00:00,317,7,5,4,1,153.0,1118.0416666666667
2025-04-12 08:00:00,739,8,5,4,1,317.0,1056.5416666666667
2025-04-12 09:00:00,1208,9,5,4,1,739.0,1044.2083333333333
2025-04-12 10:00:00,1632,10,5,4,1,1208.0,1065.375
2025-04-12 11:00:00,1883,11,5,4,1,1632.0,1098.5416666666667
2025-04-12 12:00:00,2164,12,5,4,1,1883.0,1127.125
2025-04-12 13:00:00,2194,13,5,4,1,2164.0,1155.75
2025-04-12 14:00:00,2191,14,5,4,1,2194.0,1183.625
2025-04-12 15:00:00,2305,15,5,4,1,2191.0,1206.2083333333333
2025-04-12 16:00:00,2304,16,5,4,1,2305.0,1214.4583333333333
2025-04-12 17:00:00,2259,17,5,4,1,2304.0,1185.625
2025-04-12 18:00:00,2084,18,5,4,1,2259.0,1155.1666666666667
2025-04-12 19:00:00,1618,19,5,4,1,2084.0,1140.6666666666667
2025-04-12 20:00:00,1153,20,5,4,1,1618.0,1138.0416666666667
2025-04-12 21:00:00,725,21,5,4,1,1153.0,1133.0833333333333
2025-04-12 22:00:00,706,22,5,4,1,725.0,1133.0833333333333
2025-04-12 23:00:00,466,23,5,4,1,706.0,1128.75
2025-04-13 00:00:00,346,0,6,4,1,466.0,1126.8333333333333
2025-04-13 01:00:00,261,1,6,4,1,346.0,1128.5833333333333
2025-04-13 02:00:00,129,2,6,4,1,261.0,1128.375
2025-04-13 03:00:00,95,3,6,4,1,129.0,1128.9166666666667
2025-04-13 04:00:00,59,4,6,4,1,95.0,1128.0416666666667
2025-04-13 05:00:00,95,5,6,4,1,59.0,1128.5833333333333
2025-04-13 06:00:00,126,6,6,4,1,95.0,1127.4583333333333
2025-04-13 07:00:00,270,7,6,4,1,126.0,1125.5
2025-04-13 08:00:00,516,8,6,4,1,270.0,1116.2083333333333
2025-04-13 09:00:00,911,9,6,4,1,516.0,1103.8333333333333
2025-04-13 10:00:00,1365,10,6,4,1,911.0,1092.7083333333333
2025-04-13 11:00:00,1558,11,6,4,1,1365.0,1079.1666666666667
2025-04-13 12:00:00,1927,12,6,4,1,1558.0,1069.2916666666667
2025-04-13 13:00:00,1889,13,6,4,1,1927.0,1056.5833333333333
2025-04-13 14:00:00,1694,14,6,4,1,1889.0,1035.875
2025-04-13 15:00:00,1287,15,6,4,1,1694.0,993.4583333333334
2025-04-13 16:00:00,1200,16,6,4,1,1287.0,947.4583333333334
2025-04-13 17:00:00,1412,17,6,4,1,1200.0,912.1666666666666
2025-04-13 18:00:00,1252,18,6,4,1,1412.0,877.5
2025-04-13 19:00:00,896,19,6,4,1,1252.0,847.4166666666666
2025-04-13 20:00:00,637,20,6,4,1,896.0,825.9166666666666
2025-04-13 21:00:00,479,21,6,4,1,637.0,815.6666666666666
2025-04-13 22:00:00,320,22,6,4,1,479.0,799.5833333333334
2025-04-13 23:00:00,234,23,6,4,1,320.0,789.9166666666666
2025-04-14 00:00:00,137,0,0,4,0,234.0,781.2083333333334
2025-04-14 01:00:00,55,1,0,4,0,137.0,772.625
2025-04-14 02:00:00,36,2,0,4,0,55.0,768.75
2025-04-14 03:00:00,31,3,0,4,0,36.0,766.0833333333334
2025-04-14 04:00:00,39,4,0,4,0,31.0,765.25
2025-04-14 05:00:00,130,5,0,4,0,39.0,766.7083333333334
2025-04-14 06:00:00,547,6,0,4,0,130.0,784.25
2025-04-14 07:00:00,1565,7,0,4,0,547.0,838.2083333333334
2025-04-14 08:00:00,2858,8,0,4,0,1565.0,935.7916666666666
2025-04-14 09:00:00,1563,9,0,4,0,2858.0,962.9583333333334
2025-04-14 10:00:00,951,10,0,4,0,1563.0,945.7083333333334
2025-04-14 11:00:00,960,11,0,4,0,951.0,920.7916666666666
2025-04-14 12:00:00,1057,12,0,4,0,960.0,884.5416666666666
2025-04-14 13:00:00,1063,13,0,4,0,1057.0,850.125
2025-04-14 14:00:00,1088,14,0,4,0,1063.0,824.875
2025-04-14 15:00:00,1174,15,0,4,0,1088.0,820.1666666666666
2025-04-14 16:00:00,1582,16,0,4,0,1174.0,836.0833333333334
2025-04-14 17:00:00,2855,17,0,4,0,1582.0,896.2083333333334
2025-04-14 18:00:00,2709,18,0,4,0,2855.0,956.9166666666666
2025-04-14 19:00:00,1759,19,0,4,0,2709.0,992.875
2025-04-14 20:00:00,1145,20,0,4,0,1759.0,1014.0416666666666
2025-04-14 21:00:00,688,21,0,4,0,1145.0,1022.75
2025-04-14 22:00:00,460,22,0,4,0,688.0,1028.5833333333333
2025-04-14 23:00:00,223,23,0,4,0,460.0,1028.125
2025-04-15 00:00:00,99,0,1,4,0,223.0,1026.5416666666667
2025-04-15 01:00:00,40,1,1,4,0,99.0,1025.9166666666667
2025-04-15 02:00:00,37,2,1,4,0,40.0,1025.9583333333333
2025-04-15 03:00:00,14,3,1,4,0,37.0,1025.25
2025-04-15 04:00:00,25,4,1,4,0,14.0,1024.6666666666667
2025-04-15 05:00:00,123,5,1,4,0,25.0,1024.375
2025-04-15 06:00:00,510,6,1,4,0,123.0,1022.8333333333334
2025-04-15 07:00:00,1114,7,1,4,0,510.0,1004.0416666666666
2025-04-15 08:00:00,2156,8,1,4,0,1114.0,974.7916666666666
2025-04-15 09:00:00,1322,9,1,4,0,2156.0,964.75
2025-04-15 10:00:00,628,10,1,4,0,1322.0,951.2916666666666
2025-04-15 11:00:00,775,11,1,4,0,628.0,943.5833333333334
2025-04-15 12:00:00,935,12,1,4,0,775.0,938.5
2025-04-15 13:00:00,816,13,1,4,0,935.0,928.2083333333334
2025-04-15 14:00:00,926,14,1,4,0,816.0,921.4583333333334
2025-04-15 15:00:00,1065,15,1,4,0,926.0,916.9166666666666
2025-04-15 16:00:00,1546,16,1,4,0,1065.0,915.4166666666666
2025-04-15 17:00:00,2404,17,1,4,0,1546.0,896.625
2025-04-15 18:00:00,2682,18,1,4,0,2404.0,895.5
2025-04-15 19:00:00,1662,19,1,4,0,2682.0,891.4583333333334
2025-04-15 20:00:00,1023,20,1,4,0,1662.0,886.375
2025-04-15 21:00:00,705,21,1,4,0,1023.0,887.0833333333334
2025-04-15 22:00:00,580,22,1,4,0,705.0,892.0833333333334
2025-04-15 23:00:00,265,23,1,4,0,580.0,893.8333333333334
2025-04-16 00:00:00,125,0,2,4,0,265.0,894.9166666666666
2025-04-16 01:00:00,70,1,2,4,0,125.0,896.1666666666666
2025-04-16 02:00:00,47,2,2,4,0,70.0,896.5833333333334
2025-04-16 03:00:00,24,3,2,4,0,47.0,897.0
2025-04-16 04:00:00,55,4,2,4,0,24.0,898.25
2025-04-16 05:00:00,143,5,2,4,0,55.0,899.0833333333334
2025-04-16 06:00:00,628,6,2,4,0,143.0,904.0
2025-04-16 07:00:00,1676,7,2,4,0,628.0,927.4166666666666
2025-04-16 08:00:00,3112,8,2,4,0,1676.0,967.25
2025-04-16 09:00:00,1717,9,2,4,0,3112.0,983.7083333333334
2025-04-16 10:00:00,956,10,2,4,0,1717.0,997.375
2025-04-16 11:00:00,1027,11,2,4,0,956.0,1007.875
2025-04-16 12:00:00,1222,12,2,4,0,1027.0,1019.8333333333334
2025-04-16 13:00:00,1251,13,2,4,0,1222.0,1037.9583333333333
2025-04-16 14:00:00,1160,14,2,4,0,1251.0,1047.7083333333333
2025-04-16 15:00:00,1357,15,2,4,0,1160.0,1059.875
2025-04-16 16:00:00,1753,16,2,4,0,1357.0,1068.5
2025-04-16 17:00:00,3244,17,2,4,0,1753.0,1103.5
2025-04-16 18:00:00,2935,18,2,4,0,3244.0,1114.0416666666667
2025-04-16 19:00:00,1830,19,2,4,0,2935.0,1121.0416666666667
2025-04-16 20:00:00,1121,20,2,4,0,1830.0,1125.125
2025-04-16 21:00:00,736,21,2,4,0,1121.0,1126.4166666666667
2025-04-16 22:00:00,641,22,2,4,0,736.0,1128.9583333333333
2025-04-16 23:00:00,337,23,2,4,0,641.0,1131.9583333333333
2025-04-17 00:00:00,160,0,3,4,0,337.0,1133.4166666666667
2025-04-17 01:00:00,70,1,3,4,0,160.0,1133.4166666666667
2025-04-17 02:00:00,47,2,3,4,0,70.0,1133.4166666666667
2025-04-17 03:00:00,35,3,3,4,0,47.0,1133.875
2025-04-17 04:00:00,63,4,3,4,0,35.0,1134.2083333333333
2025-04-17 05:00:00,144,5,3,4,0,63.0,1134.25
2025-04-17 06:00:00,528,6,3,4,0,144.0,1130.0833333333333
2025-04-17 07:00:00,1335,7,3,4,0,528.0,1115.875
2025-04-17 08:00:00,2629,8,3,4,0,1335.0,1095.75
2025-04-17 09:00:00,1679,9,3,4,0,2629.0,1094.1666666666667
2025-04-17 10:00:00,1115,10,3,4,0,1679.0,1100.7916666666667
2025-04-17 11:00:00,1118,11,3,4,0,1115.0,1104.5833333333333
2025-04-17 12:00:00,1284,12,3,4,0,1118.0,1107.1666666666667
2025-04-17 13:00:00,1341,13,3,4,0,1284.0,1110.9166666666667
2025-04-17 14:00:00,1300,14,3,4,0,1341.0,1116.75
2025-04-17 15:00:00,1467,15,3,4,0,1300.0,1121.3333333333333
2025-04-17 16:00:00,1822,16,3,4,0,1467.0,1124.2083333333333
2025-04-17 17:00:00,2772,17,3,4,0,1822.0,1104.5416666666667
2025-04-17 18:00:00,2523,18,3,4,0,2772.0,1087.375
2025-04-17 19:00:00,1697,19,3,4,0,2523.0,1081.8333333333333
2025-04-17 20:00:00,1149,20,3,4,0,1697.0,1083.0
2025-04-17 21:00:00,768,21,3,4,0,1149.0,1084.3333333333333
2025-04-17 22:00:00,684,22,3,4,0,768.0,1086.125
2025-04-17 23:00:00,457,23,3,4,0,684.0,1091.125
2025-04-18 00:00:00,258,0,4,4,0,457.0,1095.2083333333333
2025-04-18 01:00:00,146,1,4,4,0,258.0,1098.375
2025-04-18 02:00:00,99,2,4,4,0,146.0,1100.5416666666667
2025-04-18 03:00:00,74,3,4,4,0,99.0,1102.1666666666667
2025-04-18 04:00:00,65,4,4,4,0,74.0,1102.25
2025-04-18 05:00:00,100,5,4,4,0,65.0,1100.4166666666667
2025-04-18 06:00:00,163,6,4,4,0,100.0,1085.2083333333333
2025-04-18 07:00:00,318,7,4,4,0,163.0,1042.8333333333333
2025-04-18 08:00:00,568,8,4,4,0,318.0,956.9583333333334
2025-04-18 09:00:00,987,9,4,4,0,568.0,928.125
2025-04-18 10:00:00,1223,10,4,4,0,987.0,932.625
2025-04-18 11:00:00,1466,11,4,4,0,1223.0,947.125
2025-04-18 12:00:00,1630,12,4,4,0,1466.0,961.5416666666666
2025-04-18 13:00:00,1591,13,4,4,0,1630.0,971.9583333333334
2025-04-18 14:00:00,1555,14,4,4,0,1591.0,982.5833333333334
2025-04-18 15:00:00,1493,15,4,4,0,1555.0,983.6666666666666
2025-04-18 16:00:00,1673,16,4,4,0,1493.0,977.4583333333334
2025-04-18 17:00:00,1454,17,4,4,0,1673.0,922.5416666666666
2025-04-18 18:00:00,1294,18,4,4,0,1454.0,871.3333333333334
2025-04-18 19:00:00,1027,19,4,4,0,1294.0,843.4166666666666
2025-04-18 20:00:00,668,20,4,4,0,1027.0,823.375
2025-04-18 21:00:00,484,21,4,4,0,668.0,811.5416666666666
2025-04-18 22:00:00,497,22,4,4,0,484.0,803.75
2025-04-18 23:00:00,376,23,4,4,0,497.0,800.375
2025-04-19 00:00:00,209,0,5,4,1,376.0,798.3333333333334
2025-04-19 01:00:00,137,1,5,4,1,209.0,797.9583333333334
2025-04-19 02:00:00,100,2,5,4,1,137.0,798.0
2025-04-19 03:00:00,62,3,5,4,1,100.0,797.5
2025-04-19 04:00:00,63,4,5,4,1,62.0,797.4166666666666
2025-04-19 05:00:00,98,5,5,4,1,63.0,797.3333333333334
2025-04-19 06:00:00,119,6,5,4,1,98.0,795.5
2025-04-19 07:00:00,250,7,5,4,1,119.0,792.6666666666666
2025-04-19 08:00:00,517,8,5,4,1,250.0,790.5416666666666
2025-04-19 09:00:00,911,9,5,4,1,517.0,787.375
2025-04-19 10:00:00,1146,10,5,4,1,911.0,784.1666666666666
2025-04-19 11:00:00,1342,11,5,4,1,1146.0,779.0
2025-04-19 12:00:00,1511,12,5,4,1,1342.0,774.0416666666666
2025-04-19 13:00:00,1482,13,5,4,1,1511.0,769.5
2025-04-19 14:00:00,1612,14,5,4,1,1482.0,771.875
2025-04-19 15:00:00,1644,15,5,4,1,1612.0,778.1666666666666
2025-04-19 16:00:00,1675,16,5,4,1,1644.0,778.25
2025-04-19 17:00:00,1709,17,5,4,1,1675.0,788.875
2025-04-19 18:00:00,1357,18,5,4,1,1709.0,791.5
2025-04-19 19:00:00,1036,19,5,4,1,1357.0,791.875
2025-04-19 20:00:00,766,20,5,4,1,1036.0,795.9583333333334
2025-04-19 21:00:00,501,21,5,4,1,766.0,796.6666666666666
2025-04-19 22:00:00,479,22,5,4,1,501.0,795.9166666666666
2025-04-19 23:00:00,295,23,5,4,1,479.0,792.5416666666666
2025-04-20 00:00:00,198,0,6,4,1,295.0,792.0833333333334
2025-04-20 01:00:00,109,1,6,4,1,198.0,790.9166666666666
2025-04-20 02:00:00,64,2,6,4,1,109.0,789.4166666666666
2025-04-20 03:00:00,66,3,6,4,1,64.0,789.5833333333334
2025-04-20 04:00:00,49,4,6,4,1,66.0,789.0
2025-04-20 05:00:00,74,5,6,4,1,49.0,788.0
2025-04-20 06:00:00,133,6,6,4,1,74.0,788.5833333333334
2025-04-20 07:00:00,190,7,6,4,1,133.0,786.0833333333334
2025-04-20 08:00:00,376,8,6,4,1,190.0,780.2083333333334
2025-04-20 09:00:00,657,9,6,4,1,376.0,769.625
2025-04-20 10:00:00,1089,10,6,4,1,657.0,767.25
2025-04-20 11:00:00,1281,11,6,4,1,1089.0,764.7083333333334
2025-04-20 12:00:00,1269,12,6,4,1,1281.0,754.625
2025-04-20 13:00:00,1373,13,6,4,1,1269.0,750.0833333333334
2025-04-20 14:00:00,1257,14,6,4,1,1373.0,735.2916666666666
2025-04-20 15:00:00,1212,15,6,4,1,1257.0,717.2916666666666
2025-04-20 16:00:00,1261,16,6,4,1,1212.0,700.0416666666666
2025-04-20 17:00:00,1086,17,6,4,1,1261.0,674.0833333333334
2025-04-20 18:00:00,989,18,6,4,1,1086.0,658.75
2025-04-20 19:00:00,810,19,6,4,1,989.0,649.3333333333334
2025-04-20 20:00:00,597,20,6,4,1,810.0,642.2916666666666
2025-04-20 21:00:00,378,21,6,4,1,597.0,637.1666666666666
2025-04-20 22:00:00,351,22,6,4,1,378.0,631.8333333333334
2025-04-20 23:00:00,269,23,6,4,1,351.0,630.75
2025-04-21 00:00:00,145,0,0,4,0,269.0,628.5416666666666
2025-04-21 01:00:00,99,1,0,4,0,145.0,628.125
2025-04-21 02:00:00,46,2,0,4,0,99.0,627.375
2025-04-21 03:00:00,38,3,0,4,0,46.0,626.2083333333334
2025-04-21 04:00:00,42,4,0,4,0,38.0,625.9166666666666
2025-04-21 05:00:00,49,5,0,4,0,42.0,624.875
2025-04-21 06:00:00,100,6,0,4,0,49.0,623.5
2025-04-21 07:00:00,208,7,0,4,0,100.0,624.25
2025-04-21 08:00:00,422,8,0,4,0,208.0,626.1666666666666
2025-04-21 09:00:00,703,9,0,4,0,422.0,628.0833333333334
2025-04-21 10:00:00,946,10,0,4,0,703.0,622.125
2025-04-21 11:00:00,1150,11,0,4,0,946.0,616.6666666666666
2025-04-21 12:00:00,1240,12,0,4,0,1150.0,615.4583333333334
2025-04-21 13:00:00,1343,13,0,4,0,1240.0,614.2083333333334
2025-04-21 14:00:00,1338,14,0,4,0,1343.0,617.5833333333334
2025-04-21 15:00:00,1169,15,0,4,0,1338.0,615.7916666666666
2025-04-21 16:00:00,962,16,0,4,0,1169.0,603.3333333333334
2025-04-21 17:00:00,1062,17,0,4,0,962.0,602.3333333333334
2025-04-21 18:00:00,1067,18,0,4,0,1062.0,605.5833333333334
2025-04-21 19:00:00,919,19,0,4,0,1067.0,610.125
2025-04-21 20:00:00,660,20,0,4,0,919.0,612.75
2025-04-21 21:00:00,509,21,0,4,0,660.0,618.2083333333334
2025-04-21 22:00:00,367,22,0,4,0,509.0,618.875
2025-04-21 23:00:00,226,23,0,4,0,367.0,617.0833333333334
2025-04-22 00:00:00,117,0,1,4,0,226.0,615.9166666666666
2025-04-22 01:00:00,50,1,1,4,0,117.0,613.875
2025-04-22 02:00:00,28,2,1,4,0,50.0,613.125
2025-04-22 03:00:00,32,3,1,4,0,28.0,612.875
2025-04-22 04:00:00,52,4,1,4,0,32.0,613.2916666666666
2025-04-22 05:00:00,153,5,1,4,0,52.0,617.625
2025-04-22 06:00:00,601,6,1,4,0,153.0,638.5
2025-04-22 07:00:00,1727,7,1,4,0,601.0,701.7916666666666
2025-04-22 08:00:00,3175,8,1,4,0,1727.0,816.5
2025-04-22 09:00:00,1647,9,1,4,0,3175.0,855.8333333333334
2025-04-22 10:00:00,1071,10,1,4,0,1647.0,861.0416666666666
2025-04-22 11:00:00,976,11,1,4,0,1071.0,853.7916666666666
2025-04-22 12:00:00,1119,12,1,4,0,976.0,848.75
2025-04-22 13:00:00,1083,13,1,4,0,1119.0,837.9166666666666
2025-04-22 14:00:00,1060,14,1,4,0,1083.0,826.3333333333334
2025-04-22 15:00:00,1273,15,1,4,0,1060.0,830.6666666666666
2025-04-22 16:00:00,1658,16,1,4,0,1273.0,859.6666666666666
2025-04-22 17:00:00,3143,17,1,4,0,1658.0,946.375
2025-04-22 18:00:00,2907,18,1,4,0,3143.0,1023.0416666666666
2025-04-22 19:00:00,1846,19,1,4,0,2907.0,1061.6666666666667
2025-04-22 20:00:00,1162,20,1,4,0,1846.0,1082.5833333333333
2025-04-22 21:00:00,733,21,1,4,0,1162.0,1091.9166666666667
2025-04-22 22:00:00,513,22,1,4,0,733.0,1098.0
2025-04-22 23:00:00,279,23,1,4,0,513.0,1100.2083333333333
2025-04-23 00:00:00,94,0,2,4,0,279.0,1099.25
2025-04-23 01:00:00,53,1,2,4,0,94.0,1099.375
2025-04-23 02:00:00,38,2,2,4,0,53.0,1099.7916666666667
2025-04-23 03:00:00,14,3,2,4,0,38.0,1099.0416666666667
2025-04-23 04:00:00,32,4,2,4,0,14.0,1098.2083333333333
2025-04-23 05:00:00,67,5,2,4,0,32.0,1094.625
2025-04-23 06:00:00,314,6,2,4,0,67.0,1082.6666666666667
2025-04-23 07:00:00,1188,7,2,4,0,314.0,1060.2083333333333
2025-04-23 08:00:00,2532,8,2,4,0,1188.0,1033.4166666666667
2025-04-23 09:00:00,1554,9,2,4,0,2532.0,1029.5416666666667
2025-04-23 10:00:00,799,10,2,4,0,1554.0,1018.2083333333334
2025-04-23 11:00:00,633,11,2,4,0,799.0,1003.9166666666666
2025-04-23 12:00:00,851,12,2,4,0,633.0,992.75
2025-04-23 13:00:00,904,13,2,4,0,851.0,985.2916666666666
2025-04-23 14:00:00,917,14,2,4,0,904.0,979.3333333333334
2025-04-23 15:00:00,1080,15,2,4,0,917.0,971.2916666666666
2025-04-23 16:00:00,1523,16,2,4,0,1080.0,965.6666666666666
2025-04-23 17:00:00,2877,17,2,4,0,1523.0,954.5833333333334
2025-04-23 18:00:00,2810,18,2,4,0,2877.0,950.5416666666666
2025-04-23 19:00:00,1611,19,2,4,0,2810.0,940.75
2025-04-23 20:00:00,1073,20,2,4,0,1611.0,937.0416666666666
2025-04-23 21:00:00,728,21,2,4,0,1073.0,936.8333333333334
2025-04-23 22:00:00,544,22,2,4,0,728.0,938.125
2025-04-23 23:00:00,272,23,2,4,0,544.0,937.8333333333334
2025-04-24 00:00:00,121,0,3,4,0,272.0,938.9583333333334
2025-04-24 01:00:00,55,1,3,4,0,121.0,939.0416666666666
2025-04-24 02:00:00,27,2,3,4,0,55.0,938.5833333333334
2025-04-24 03:00:00,17,3,3,4,0,27.0,938.7083333333334
2025-04-24 04:00:00,44,4,3,4,0,17.0,939.2083333333334
2025-04-24 05:00:00,143,5,3,4,0,44.0,942.375
2025-04-24 06:00:00,657,6,3,4,0,143.0,956.6666666666666
2025-04-24 07:00:00,1926,7,3,4,0,657.0,987.4166666666666
2025-04-24 08:00:00,3669,8,3,4,0,1926.0,1034.7916666666667
2025-04-24 09:00:00,1968,9,3,4,0,3669.0,1052.0416666666667
2025-04-24 10:00:00,1058,10,3,4,0,1968.0,1062.8333333333333
2025-04-24 11:00:00,1025,11,3,4,0,1058.0,1079.1666666666667
2025-04-24 12:00:00,1139,12,3,4,0,1025.0,1091.1666666666667
2025-04-24 13:00:00,1159,13,3,4,0,1139.0,1101.7916666666667
2025-04-24 14:00:00,1119,14,3,4,0,1159.0,1110.2083333333333
2025-04-24 15:00:00,1316,15,3,4,0,1119.0,1120.0416666666667
2025-04-24 16:00:00,1822,16,3,4,0,1316.0,1132.5
2025-04-24 17:00:00,3350,17,3,4,0,1822.0,1152.2083333333333
2025-04-24 18:00:00,3038,18,3,4,0,3350.0,1161.7083333333333
2025-04-24 19:00:00,2042,19,3,4,0,3038.0,1179.6666666666667
2025-04-24 20:00:00,1274,20,3,4,0,2042.0,1188.0416666666667
2025-04-24 21:00:00,870,21,3,4,0,1274.0,1193.9583333333333
2025-04-24 22:00:00,684,22,3,4,0,870.0,1199.7916666666667
2025-04-24 23:00:00,423,23,3,4,0,684.0,1206.0833333333333
2025-04-25 00:00:00,185,0,4,4,0,423.0,1208.75
2025-04-25 01:00:00,111,1,4,4,0,185.0,1211.0833333333333
2025-04-25 02:00:00,59,2,4,4,0,111.0,1212.4166666666667
2025-04-25 03:00:00,38,3,4,4,0,59.0,1213.2916666666667
2025-04-25 04:00:00,65,4,4,4,0,38.0,1214.1666666666667
2025-04-25 05:00:00,158,5,4,4,0,65.0,1214.7916666666667
2025-04-25 06:00:00,564,6,4,4,0,158.0,1210.9166666666667
2025-04-25 07:00:00,1457,7,4,4,0,564.0,1191.375
2025-04-25 08:00:00,2620,8,4,4,0,1457.0,1147.6666666666667
2025-04-25 09:00:00,1651,9,4,4,0,2620.0,1134.4583333333333
2025-04-25 10:00:00,1123,10,4,4,0,1651.0,1137.1666666666667
2025-04-25 11:00:00,1274,11,4,4,0,1123.0,1147.5416666666667
2025-04-25 12:00:00,1433,12,4,4,0,1274.0,1159.7916666666667
2025-04-25 13:00:00,1364,13,4,4,0,1433.0,1168.3333333333333
2025-04-25 14:00:00,1402,14,4,4,0,1364.0,1180.125
2025-04-25 15:00:00,1572,15,4,4,0,1402.0,1190.7916666666667
2025-04-25 16:00:00,1906,16,4,4,0,1572.0,1194.2916666666667
2025-04-25 17:00:00,2724,17,4,4,0,1906.0,1168.2083333333333
2025-04-25 18:00:00,2596,18,4,4,0,2724.0,1149.7916666666667
2025-04-25 19:00:00,1685,19,4,4,0,2596.0,1134.9166666666667
2025-04-25 20:00:00,1122,20,4,4,0,1685.0,1128.5833333333333
2025-04-25 21:00:00,746,21,4,4,0,1122.0,1123.4166666666667
2025-04-25 22:00:00,638,22,4,4,0,746.0,1121.5
2025-04-25 23:00:00,516,23,4,4,0,638.0,1125.375
2025-04-26 00:00:00,284,0,5,4,1,516.0,1129.5
2025-04-26 01:00:00,166,1,5,4,1,284.0,1131.7916666666667
2025-04-26 02:00:00,111,2,5,4,1,166.0,1133.9583333333333
2025-04-26 03:00:00,115,3,5,4,1,111.0,1137.1666666666667
2025-04-26 04:00:00,68,4,5,4,1,115.0,1137.2916666666667
2025-04-26 05:00:00,75,5,5,4,1,68.0,1133.8333333333333
2025-04-26 06:00:00,133,6,5,4,1,75.0,1115.875
2025-04-26 07:00:00,318,7,5,4,1,133.0,1068.4166666666667
2025-04-26 08:00:00,695,8,5,4,1,318.0,988.2083333333334
2025-04-26 09:00:00,1123,9,5,4,1,695.0,966.2083333333334
2025-04-26 10:00:00,1430,10,5,4,1,1123.0,979.0
2025-04-26 11:00:00,1630,11,5,4,1,1430.0,993.8333333333334
2025-04-26 12:00:00,1734,12,5,4,1,1630.0,1006.375
2025-04-26 13:00:00,1829,13,5,4,1,1734.0,1025.75
2025-04-26 14:00:00,1732,14,5,4,1,1829.0,1039.5
2025-04-26 15:00:00,1996,15,5,4,1,1732.0,1057.1666666666667
2025-04-26 16:00:00,1974,16,5,4,1,1996.0,1060.0
2025-04-26 17:00:00,1948,17,5,4,1,1974.0,1027.6666666666667
2025-04-26 18:00:00,1814,18,5,4,1,1948.0,995.0833333333334
2025-04-26 19:00:00,1477,19,5,4,1,1814.0,986.4166666666666
2025-04-26 20:00:00,1067,20,5,4,1,1477.0,984.125
2025-04-26 21:00:00,732,21,5,4,1,1067.0,983.5416666666666
2025-04-26 22:00:00,600,22,5,4,1,732.0,981.9583333333334
2025-04-26 23:00:00,543,23,5,4,1,600.0,983.0833333333334
2025-04-27 00:00:00,343,0,6,4,1,543.0,985.5416666666666
2025-04-27 01:00:00,249,1,6,4,1,343.0,989.0
2025-04-27 02:00:00,146,2,6,4,1,249.0,990.4583333333334
2025-04-27 03:00:00,99,3,6,4,1,146.0,989.7916666666666
2025-04-27 04:00:00,58,4,6,4,1,99.0,989.375
2025-04-27 05:00:00,75,5,6,4,1,58.0,989.375
2025-04-27 06:00:00,140,6,6,4,1,75.0,989.6666666666666
2025-04-27 07:00:00,314,7,6,4,1,140.0,989.5
2025-04-27 08:00:00,573,8,6,4,1,314.0,984.4166666666666
2025-04-27 09:00:00,1105,9,6,4,1,573.0,983.6666666666666
2025-04-27 10:00:00,1514,10,6,4,1,1105.0,987.1666666666666
2025-04-27 11:00:00,1748,11,6,4,1,1514.0,992.0833333333334
2025-04-27 12:00:00,2024,12,6,4,1,1748.0,1004.1666666666666
2025-04-27 13:00:00,2218,13,6,4,1,2024.0,1020.375
2025-04-27 14:00:00,2148,14,6,4,1,2218.0,1037.7083333333333
2025-04-27 15:00:00,2180,15,6,4,1,2148.0,1045.375
2025-04-27 16:00:00,2060,16,6,4,1,2180.0,1048.9583333333333
2025-04-27 17:00:00,1880,17,6,4,1,2060.0,1046.125
2025-04-27 18:00:00,1732,18,6,4,1,1880.0,1042.7083333333333
2025-04-27 19:00:00,1354,19,6,4,1,1732.0,1037.5833333333333
2025-04-27 20:00:00,1001,20,6,4,1,1354.0,1034.8333333333333
2025-04-27 21:00:00,649,21,6,4,1,1001.0,1031.375
2025-04-27 22:00:00,423,22,6,4,1,649.0,1024.0
2025-04-27 23:00:00,233,23,6,4,1,423.0,1011.0833333333334
2025-04-28 00:00:00,152,0,0,4,0,233.0,1003.125
2025-04-28 01:00:00,57,1,0,4,0,152.0,995.125
2025-04-28 02:00:00,47,2,0,4,0,57.0,991.0
2025-04-28 03:00:00,38,3,0,4,0,47.0,988.4583333333334
2025-04-28 04:00:00,50,4,0,4,0,38.0,988.125
2025-04-28 05:00:00,160,5,0,4,0,50.0,991.6666666666666
2025-04-28 06:00:00,697,6,0,4,0,160.0,1014.875
2025-04-28 07:00:00,1899,7,0,4,0,697.0,1080.9166666666667
2025-04-28 08:00:00,3492,8,0,4,0,1899.0,1202.5416666666667
2025-04-28 09:00:00,1833,9,0,4,0,3492.0,1232.875
2025-04-28 10:00:00,1128,10,0,4,0,1833.0,1216.7916666666667
2025-04-28 11:00:00,1144,11,0,4,0,1128.0,1191.625
2025-04-28 12:00:00,1249,12,0,4,0,1144.0,1159.3333333333333
2025-04-28 13:00:00,1365,13,0,4,0,1249.0,1123.7916666666667
2025-04-28 14:00:00,1174,14,0,4,0,1365.0,1083.2083333333333
2025-04-28 15:00:00,1430,15,0,4,0,1174.0,1051.9583333333333
2025-04-28 16:00:00,1939,16,0,4,0,1430.0,1046.9166666666667
2025-04-28 17:00:00,3535,17,0,4,0,1939.0,1115.875
2025-04-28 18:00:00,3340,18,0,4,0,3535.0,1182.875
2025-04-28 19:00:00,2143,19,0,4,0,3340.0,1215.75
2025-04-28 20:00:00,1352,20,0,4,0,2143.0,1230.375
2025-04-28 21:00:00,906,21,0,4,0,1352.0,1241.0833333333333
2025-04-28 22:00:00,584,22,0,4,0,906.0,1247.7916666666667
2025-04-28 23:00:00,260,23,0,4,0,584.0,1248.9166666666667
2025-04-29 00:00:00,139,0,1,4,0,260.0,1248.375
2025-04-29 01:00:00,56,1,1,4,0,139.0,1248.3333333333333
2025-04-29 02:00:00,33,2,1,4,0,56.0,1247.75
2025-04-29 03:00:00,25,3,1,4,0,33.0,1247.2083333333333
2025-04-29 04:00:00,60,4,1,4,0,25.0,1247.625
2025-04-29 05:00:00,191,5,1,4,0,60.0,1248.9166666666667
2025-04-29 06:00:00,817,6,1,4,0,191.0,1253.9166666666667
2025-04-29 07:00:00,2359,7,1,4,0,817.0,1273.0833333333333
2025-04-29 08:00:00,4252,8,1,4,0,2359.0,1304.75
2025-04-29 09:00:00,2113,9,1,4,0,4252.0,1316.4166666666667
2025-04-29 10:00:00,1276,10,1,4,0,2113.0,1322.5833333333333
2025-04-29 11:00:00,1159,11,1,4,0,1276.0,1323.2083333333333
2025-04-29 12:00:00,1281,12,1,4,0,1159.0,1324.5416666666667
2025-04-29 13:00:00,1296,13,1,4,0,1281.0,1321.6666666666667
2025-04-29 14:00:00,1279,14,1,4,0,1296.0,1326.0416666666667
2025-04-29 15:00:00,1432,15,1,4,0,1279.0,1326.125
2025-04-29 16:00:00,2111,16,1,4,0,1432.0,1333.2916666666667
2025-04-29 17:00:00,3853,17,1,4,0,2111.0,1346.5416666666667
2025-04-29 18:00:00,3728,18,1,4,0,3853.0,1362.7083333333333
2025-04-29 19:00:00,2447,19,1,4,0,3728.0,1375.375
2025-04-29 20:00:00,1482,20,1,4,0,2447.0,1380.7916666666667
2025-04-29 21:00:00,1017,21,1,4,0,1482.0,1385.4166666666667
2025-04-29 22:00:00,856,22,1,4,0,1017.0,1396.75
2025-04-29 23:00:00,342,23,1,4,0,856.0,1400.1666666666667
2025-04-30 00:00:00,171,0,2,4,0,342.0,1401.5
2025-04-30 01:00:00,60,1,2,4,0,171.0,1401.6666666666667
2025-04-30 02:00:00,36,2,2,4,0,60.0,1401.7916666666667
2025-04-30 03:00:00,20,3,2,4,0,36.0,1401.5833333333333
2025-04-30 04:00:00,52,4,2,4,0,20.0,1401.25
2025-04-30 05:00:00,173,5,2,4,0,52.0,1400.5
2025-04-30 06:00:00,752,6,2,4,0,173.0,1397.7916666666667
2025-04-30 07:00:00,2194,7,2,4,0,752.0,1390.9166666666667
2025-04-30 08:00:00,4001,8,2,4,0,2194.0,1380.4583333333333
2025-04-30 09:00:00,2236,9,2,4,0,4001.0,1385.5833333333333
2025-04-30 10:00:00,1247,10,2,4,0,2236.0,1384.375
2025-04-30 11:00:00,1140,11,2,4,0,1247.0,1383.5833333333333
2025-04-30 12:00:00,1335,12,2,4,0,1140.0,1385.8333333333333
2025-04-30 13:00:00,1360,13,2,4,0,1335.0,1388.5
2025-04-30 14:00:00,1337,14,2,4,0,1360.0,1390.9166666666667
2025-04-30 15:00:00,1459,15,2,4,0,1337.0,1392.0416666666667
2025-04-30 16:00:00,2128,16,2,4,0,1459.0,1392.75
2025-04-30 17:00:00,3883,17,2,4,0,2128.0,1394.0
2025-04-30 18:00:00,3781,18,2,4,0,3883.0,1396.2083333333333
2025-04-30 19:00:00,2403,19,2,4,0,3781.0,1394.375
2025-04-30 20:00:00,1709,20,2,4,0,2403.0,1403.8333333333333
2025-04-30 21:00:00,1043,21,2,4,0,1709.0,1404.9166666666667
2025-04-30 22:00:00,841,22,2,4,0,1043.0,1404.2916666666667
2025-04-30 23:00:00,421,23,2,4,0,841.0,1407.5833333333333
2025-05-05 10:00:00,681,10,0,5,0,421.0,1428.8333333333333
2025-05-05 11:00:00,1293,11,0,5,0,681.0,1480.2083333333333
2025-05-05 12:00:00,1407,12,0,5,0,1293.0,1537.3333333333333
2025-05-05 13:00:00,1402,13,0,5,0,1407.0,1594.9166666666667
2025-05-05 14:00:00,1323,14,0,5,0,1402.0,1647.875
2025-05-05 15:00:00,1273,15,0,5,0,1323.0,1693.7083333333333
2025-05-05 16:00:00,1502,16,0,5,0,1273.0,1724.9583333333333
2025-05-05 17:00:00,1510,17,0,5,0,1502.0,1696.4583333333333
2025-05-05 18:00:00,1414,18,0,5,0,1510.0,1588.6666666666667
2025-05-05 19:00:00,1033,19,0,5,0,1414.0,1538.5416666666667
2025-05-05 20:00:00,771,20,0,5,0,1033.0,1518.7083333333333
2025-05-05 21:00:00,603,21,0,5,0,771.0,1496.3333333333333
2025-05-05 22:00:00,437,22,0,5,0,603.0,1458.9166666666667
2025-05-05 23:00:00,229,23,0,5,0,437.0,1411.7916666666667
2025-05-06 00:00:00,103,0,1,5,0,229.0,1360.375
2025-05-06 01:00:00,65,1,1,5,0,103.0,1302.2916666666667
2025-05-06 02:00:00,38,2,1,5,0,65.0,1215.2083333333333
2025-05-06 03:00:00,38,3,1,5,0,38.0,1055.0
2025-05-06 04:00:00,49,4,1,5,0,38.0,899.5
2025-05-06 05:00:00,147,5,1,5,0,49.0,805.5
2025-05-06 06:00:00,736,6,1,5,0,147.0,764.9583333333334
2025-05-06 07:00:00,1954,7,1,5,0,736.0,802.9166666666666
2025-05-06 08:00:00,3784,8,1,5,0,1954.0,925.5416666666666
2025-05-06 09:00:00,1963,9,1,5,0,3784.0,989.7916666666666
2025-05-06 10:00:00,1017,10,1,5,0,1963.0,1003.7916666666666
2025-05-06 11:00:00,910,11,1,5,0,1017.0,987.8333333333334
2025-05-06 12:00:00,1014,12,1,5,0,910.0,971.4583333333334
2025-05-06 13:00:00,1027,13,1,5,0,1014.0,955.8333333333334
2025-05-06 14:00:00,1033,14,1,5,0,1027.0,943.75
2025-05-06 15:00:00,1253,15,1,5,0,1033.0,942.9166666666666
2025-05-06 16:00:00,1761,16,1,5,0,1253.0,953.7083333333334
2025-05-06 17:00:00,3302,17,1,5,0,1761.0,1028.375
2025-05-06 18:00:00,3147,18,1,5,0,3302.0,1100.5833333333333
2025-05-06 19:00:00,1959,19,1,5,0,3147.0,1139.1666666666667
2025-05-06 20:00:00,1228,20,1,5,0,1959.0,1158.2083333333333
2025-05-06 21:00:00,770,21,1,5,0,1228.0,1165.1666666666667
2025-05-06 22:00:00,600,22,1,5,0,770.0,1171.9583333333333
2025-05-06 23:00:00,304,23,1,5,0,600.0,1175.0833333333333
2025-05-07 00:00:00,101,0,2,5,0,304.0,1175.0
2025-05-07 01:00:00,44,1,2,5,0,101.0,1174.125
2025-05-07 02:00:00,44,2,2,5,0,44.0,1174.375
2025-05-07 03:00:00,30,3,2,5,0,44.0,1174.0416666666667
2025-05-07 04:00:00,42,4,2,5,0,30.0,1173.75
2025-05-07 05:00:00,169,5,2,5,0,42.0,1174.6666666666667
2025-05-07 06:00:00,760,6,2,5,0,169.0,1175.6666666666667
2025-05-07 07:00:00,2227,7,2,5,0,760.0,1187.0416666666667
2025-05-07 08:00:00,3959,8,2,5,0,2227.0,1194.3333333333333
2025-05-07 09:00:00,2146,9,2,5,0,3959.0,1201.9583333333333
2025-05-07 10:00:00,1152,10,2,5,0,2146.0,1207.5833333333333
2025-05-07 11:00:00,1026,11,2,5,0,1152.0,1212.4166666666667
2025-05-07 12:00:00,1196,12,2,5,0,1026.0,1220.0
2025-05-07 13:00:00,1197,13,2,5,0,1196.0,1227.0833333333333
2025-05-07 14:00:00,1131,14,2,5,0,1197.0,1231.1666666666667
2025-05-07 15:00:00,1201,15,2,5,0,1131.0,1229.0
2025-05-07 16:00:00,1892,16,2,5,0,1201.0,1234.4583333333333
2025-05-07 17:00:00,3489,17,2,5,0,1892.0,1242.25
2025-05-07 18:00:00,3352,18,2,5,0,3489.0,1250.7916666666667
2025-05-07 19:00:00,2048,19,2,5,0,3352.0,1254.5
2025-05-07 20:00:00,1221,20,2,5,0,2048.0,1254.2083333333333
2025-05-07 21:00:00,838,21,2,5,0,1221.0,1257.0416666666667
2025-05-07 22:00:00,708,22,2,5,0,838.0,1261.5416666666667
2025-05-07 23:00:00,362,23,2,5,0,708.0,1263.9583333333333
2025-05-08 00:00:00,129,0,3,5,0,362.0,1265.125
2025-05-08 01:00:00,69,1,3,5,0,129.0,1266.1666666666667
2025-05-08 02:00:00,30,2,3,5,0,69.0,1265.5833333333333
2025-05-08 03:00:00,24,3,3,5,0,30.0,1265.3333333333333
2025-05-08 04:00:00,50,4,3,5,0,24.0,1265.6666666666667
2025-05-08 05:00:00,171,5,3,5,0,50.0,1265.75
2025-05-08 06:00:00,794,6,3,5,0,171.0,1267.1666666666667
2025-05-08 07:00:00,2151,7,3,5,0,794.0,1264.0
2025-05-08 08:00:00,4056,8,3,5,0,2151.0,1268.0416666666667
2025-05-08 09:00:00,2132,9,3,5,0,4056.0,1267.4583333333333
2025-05-08 10:00:00,1192,10,3,5,0,2132.0,1269.125
2025-05-08 11:00:00,1110,11,3,5,0,1192.0,1272.625
2025-05-08 12:00:00,1225,12,3,5,0,1110.0,1273.8333333333333
2025-05-08 13:00:00,1240,13,3,5,0,1225.0,1275.625
2025-05-08 14:00:00,1189,14,3,5,0,1240.0,1278.0416666666667
2025-05-08 15:00:00,1335,15,3,5,0,1189.0,1283.625
2025-05-08 16:00:00,1839,16,3,5,0,1335.0,1281.4166666666667
2025-05-08 17:00:00,3517,17,3,5,0,1839.0,1282.5833333333333
2025-05-08 18:00:00,3250,18,3,5,0,3517.0,1278.3333333333333
2025-05-08 19:00:00,2022,19,3,5,0,3250.0,1277.25
2025-05-08 20:00:00,1301,20,3,5,0,2022.0,1280.5833333333333
2025-05-08 21:00:00,959,21,3,5,0,1301.0,1285.625
2025-05-08 22:00:00,753,22,3,5,0,959.0,1287.5
2025-05-08 23:00:00,404,23,3,5,0,753.0,1289.25
2025-05-09 00:00:00,201,0,4,5,0,404.0,1292.25
2025-05-09 01:00:00,111,1,4,5,0,201.0,1294.0
2025-05-09 02:00:00,62,2,4,5,0,111.0,1295.3333333333333
2025-05-09 03:00:00,42,3,4,5,0,62.0,1296.0833333333333
2025-05-09 04:00:00,58,4,4,5,0,42.0,1296.4166666666667
2025-05-09 05:00:00,153,5,4,5,0,58.0,1295.6666666666667
2025-05-09 06:00:00,598,6,4,5,0,153.0,1287.5
2025-05-09 07:00:00,1529,7,4,5,0,598.0,1261.5833333333333
2025-05-09 08:00:00,2663,8,4,5,0,1529.0,1203.5416666666667
2025-05-09 09:00:00,1755,9,4,5,0,2663.0,1187.8333333333333
2025-05-09 10:00:00,1267,10,4,5,0,1755.0,1190.9583333333333
2025-05-09 11:00:00,1244,11,4,5,0,1267.0,1196.5416666666667
2025-05-09 12:00:00,1443,12,4,5,0,1244.0,1205.625
2025-05-09 13:00:00,1579,13,4,5,0,1443.0,1219.75
2025-05-09 14:00:00,1477,14,4,5,0,1579.0,1231.75
2025-05-09 15:00:00,1558,15,4,5,0,1477.0,1241.0416666666667
2025-05-09 16:00:00,2110,16,4,5,0,1558.0,1252.3333333333333
2025-05-09 17:00:00,2961,17,4,5,0,2110.0,1229.1666666666667
2025-05-09 18:00:00,2733,18,4,5,0,2961.0,1207.625
2025-05-09 19:00:00,1903,19,4,5,0,2733.0,1202.6666666666667
2025-05-09 20:00:00,1293,20,4,5,0,1903.0,1202.3333333333333
2025-05-09 21:00:00,894,21,4,5,0,1293.0,1199.625
2025-05-09 22:00:00,774,22,4,5,0,894.0,1200.5
2025-05-09 23:00:00,609,23,4,5,0,774.0,1209.0416666666667
2025-05-10 00:00:00,361,0,5,5,1,609.0,1215.7083333333333
2025-05-10 01:00:00,230,1,5,5,1,361.0,1220.6666666666667
2025-05-10 02:00:00,131,2,5,5,1,230.0,1223.5416666666667
2025-05-10 03:00:00,94,3,5,5,1,131.0,1225.7083333333333
2025-05-10 04:00:00,84,4,5,5,1,94.0,1226.7916666666667
2025-05-10 05:00:00,86,5,5,5,1,84.0,1224.0
2025-05-10 06:00:00,172,6,5,5,1,86.0,1206.25
2025-05-10 07:00:00,372,7,5,5,1,172.0,1158.0416666666667
2025-05-10 08:00:00,849,8,5,5,1,372.0,1082.4583333333333
2025-05-10 09:00:00,1309,9,5,5,1,849.0,1063.875
2025-05-10 10:00:00,1741,10,5,5,1,1309.0,1083.625
2025-05-10 11:00:00,2001,11,5,5,1,1741.0,1115.1666666666667
2025-05-10 12:00:00,2135,12,5,5,1,2001.0,1144.0
2025-05-10 13:00:00,2302,13,5,5,1,2135.0,1174.125
2025-05-10 14:00:00,2308,14,5,5,1,2302.0,1208.75
2025-05-10 15:00:00,2353,15,5,5,1,2308.0,1241.875
2025-05-10 16:00:00,2484,16,5,5,1,2353.0,1257.4583333333333
2025-05-10 17:00:00,2512,17,5,5,1,2484.0,1238.75
2025-05-10 18:00:00,2214,18,5,5,1,2512.0,1217.125
2025-05-10 19:00:00,1845,19,5,5,1,2214.0,1214.7083333333333
2025-05-10 20:00:00,1321,20,5,5,1,1845.0,1215.875
2025-05-10 21:00:00,1016,21,5,5,1,1321.0,1220.9583333333333
2025-05-10 22:00:00,749,22,5,5,1,1016.0,1219.9166666666667
2025-05-10 23:00:00,608,23,5,5,1,749.0,1219.875
2025-05-11 00:00:00,428,0,6,5,1,608.0,1222.6666666666667
2025-05-11 01:00:00,264,1,6,5,1,428.0,1224.0833333333333
2025-05-11 02:00:00,152,2,6,5,1,264.0,1224.9583333333333
2025-05-11 03:00:00,104,3,6,5,1,152.0,1225.375
2025-05-11 04:00:00,80,4,6,5,1,104.0,1225.2083333333333
2025-05-11 05:00:00,77,5,6,5,1,80.0,1224.8333333333333
2025-05-11 06:00:00,164,6,6,5,1,77.0,1224.5
2025-05-11 07:00:00,297,7,6,5,1,164.0,1221.375
2025-05-11 08:00:00,630,8,6,5,1,297.0,1212.25
2025-05-11 09:00:00,1094,9,6,5,1,630.0,1203.2916666666667
2025-05-11 10:00:00,1588,10,6,5,1,1094.0,1196.9166666666667
2025-05-11 11:00:00,1841,11,6,5,1,1588.0,1190.25
2025-05-11 12:00:00,2112,12,6,5,1,1841.0,1189.2916666666667
2025-05-11 13:00:00,2184,13,6,5,1,2112.0,1184.375
2025-05-11 14:00:00,2240,14,6,5,1,2184.0,1181.5416666666667
2025-05-11 15:00:00,2122,15,6,5,1,2240.0,1171.9166666666667
2025-05-11 16:00:00,2252,16,6,5,1,2122.0,1162.25
2025-05-11 17:00:00,2211,17,6,5,1,2252.0,1149.7083333333333
2025-05-11 18:00:00,1942,18,6,5,1,2211.0,1138.375
2025-05-11 19:00:00,1500,19,6,5,1,1942.0,1124.0
2025-05-11 20:00:00,1117,20,6,5,1,1500.0,1115.5
2025-05-11 21:00:00,759,21,6,5,1,1117.0,1104.7916666666667
2025-05-11 22:00:00,530,22,6,5,1,759.0,1095.6666666666667
2025-05-11 23:00:00,317,23,6,5,1,530.0,1083.5416666666667
2025-05-12 00:00:00,151,0,0,5,0,317.0,1072.0
2025-05-12 01:00:00,81,1,0,5,0,151.0,1064.375
2025-05-12 02:00:00,59,2,0,5,0,81.0,1060.5
2025-05-12 03:00:00,31,3,0,5,0,59.0,1057.4583333333333
2025-05-12 04:00:00,59,4,0,5,0,31.0,1056.5833333333333
2025-05-12 05:00:00,166,5,0,5,0,59.0,1060.2916666666667
2025-05-12 06:00:00,775,6,0,5,0,166.0,1085.75
2025-05-12 07:00:00,2036,7,0,5,0,775.0,1158.2083333333333
2025-05-12 08:00:00,3591,8,0,5,0,2036.0,1281.5833333333333
2025-05-12 09:00:00,1937,9,0,5,0,3591.0,1316.7083333333333
2025-05-12 10:00:00,1108,10,0,5,0,1937.0,1296.7083333333333
2025-05-12 11:00:00,1109,11,0,5,0,1108.0,1266.2083333333333
2025-05-12 12:00:00,1217,12,0,5,0,1109.0,1228.9166666666667
2025-05-12 13:00:00,1307,13,0,5,0,1217.0,1192.375
2025-05-12 14:00:00,1268,14,0,5,0,1307.0,1151.875
2025-05-12 15:00:00,1456,15,0,5,0,1268.0,1124.125
2025-05-12 16:00:00,2050,16,0,5,0,1456.0,1115.7083333333333
2025-05-12 17:00:00,3384,17,0,5,0,2050.0,1164.5833333333333
2025-05-12 18:00:00,3394,18,0,5,0,3384.0,1225.0833333333333
2025-05-12 19:00:00,2211,19,0,5,0,3394.0,1254.7083333333333
2025-05-12 20:00:00,1413,20,0,5,0,2211.0,1267.0416666666667
2025-05-12 21:00:00,931,21,0,5,0,1413.0,1274.2083333333333
2025-05-12 22:00:00,609,22,0,5,0,931.0,1277.5
2025-05-12 23:00:00,321,23,0,5,0,609.0,1277.6666666666667
2025-05-13 00:00:00,146,0,1,5,0,321.0,1277.4583333333333
2025-05-13 01:00:00,71,1,1,5,0,146.0,1277.0416666666667
2025-05-13 02:00:00,24,2,1,5,0,71.0,1275.5833333333333
2025-05-13 03:00:00,28,3,1,5,0,24.0,1275.4583333333333
2025-05-13 04:00:00,43,4,1,5,0,28.0,1274.7916666666667
2025-05-13 05:00:00,183,5,1,5,0,43.0,1275.5
2025-05-13 06:00:00,891,6,1,5,0,183.0,1280.3333333333333
2025-05-13 07:00:00,2469,7,1,5,0,891.0,1298.375
2025-05-13 08:00:00,4289,8,1,5,0,2469.0,1327.4583333333333
2025-05-13 09:00:00,2232,9,1,5,0,4289.0,1339.75
2025-05-13 10:00:00,1295,10,1,5,0,2232.0,1347.5416666666667
2025-05-13 11:00:00,1067,11,1,5,0,1295.0,1345.7916666666667
2025-05-13 12:00:00,1322,12,1,5,0,1067.0,1350.1666666666667
2025-05-13 13:00:00,1360,13,1,5,0,1322.0,1352.375
2025-05-13 14:00:00,1245,14,1,5,0,1360.0,1351.4166666666667
2025-05-13 15:00:00,1434,15,1,5,0,1245.0,1350.5
2025-05-13 16:00:00,2147,16,1,5,0,1434.0,1354.5416666666667
2025-05-13 17:00:00,4018,17,1,5,0,2147.0,1380.9583333333333
2025-05-13 18:00:00,3681,18,1,5,0,4018.0,1392.9166666666667
2025-05-13 19:00:00,2422,19,1,5,0,3681.0,1401.7083333333333
2025-05-13 20:00:00,1579,20,1,5,0,2422.0,1408.625
2025-05-13 21:00:00,1065,21,1,5,0,1579.0,1414.2083333333333
2025-05-13 22:00:00,729,22,1,5,0,1065.0,1419.2083333333333
2025-05-13 23:00:00,356,23,1,5,0,729.0,1420.6666666666667
2025-05-14 00:00:00,159,0,2,5,0,356.0,1421.2083333333333
2025-05-14 01:00:00,78,1,2,5,0,159.0,1421.5
2025-05-14 02:00:00,32,2,2,5,0,78.0,1421.8333333333333
2025-05-14 03:00:00,31,3,2,5,0,32.0,1421.9583333333333
2025-05-14 04:00:00,58,4,2,5,0,31.0,1422.5833333333333
2025-05-14 05:00:00,186,5,2,5,0,58.0,1422.7083333333333
2025-05-14 06:00:00,804,6,2,5,0,186.0,1419.0833333333333
2025-05-14 07:00:00,2324,7,2,5,0,804.0,1413.0416666666667
2025-05-14 08:00:00,4190,8,2,5,0,2324.0,1408.9166666666667
2025-05-14 09:00:00,2258,9,2,5,0,4190.0,1410.0
2025-05-14 10:00:00,1256,10,2,5,0,2258.0,1408.375
2025-05-14 11:00:00,1162,11,2,5,0,1256.0,1412.3333333333333
2025-05-14 12:00:00,1282,12,2,5,0,1162.0,1410.6666666666667
2025-05-14 13:00:00,1372,13,2,5,0,1282.0,1411.1666666666667
2025-05-14 14:00:00,1242,14,2,5,0,1372.0,1411.0416666666667
2025-05-14 15:00:00,1447,15,2,5,0,1242.0,1411.5833333333333
2025-05-14 16:00:00,2141,16,2,5,0,1447.0,1411.3333333333333
2025-05-14 17:00:00,3727,17,2,5,0,2141.0,1399.2083333333333
2025-05-14 18:00:00,3769,18,2,5,0,3727.0,1402.875
2025-05-14 19:00:00,2369,19,2,5,0,3769.0,1400.6666666666667
2025-05-14 20:00:00,1565,20,2,5,0,2369.0,1400.0833333333333
2025-05-14 21:00:00,1119,21,2,5,0,1565.0,1402.3333333333333
2025-05-14 22:00:00,778,22,2,5,0,1119.0,1404.375
2025-05-14 23:00:00,378,23,2,5,0,778.0,1405.2916666666667
